20.04.2010;Алексей;Попов;Петрович;Краснодар;Грузия
15.12.2011;Елена;Ковалев;Дмитриевич;Новосибирск;Россия
13.03.2018;Татьяна;Ковалев;Петровна;Самара;Армения
25.09.2021;Ольга;Фёдоров;Алексеевна;Санкт-Петербург;Кыргызстан
23.11.2010;Татьяна;Попов;Николаевич;Пермь;Казахстан
17.07.2014;Анна;Волков;Николаевич;Санкт-Петербург;Таджикистан
03.10.2016;Татьяна;Попов;Дмитриевич;Казань;Россия
06.06.2017;Алексей;Сидоров;Сергеевич;Новосибирск;Казахстан
10.03.2012;Татьяна;Сидоров;Петровна;Краснодар;Беларусь
21.11.2017;Алексей;Семенов;Алексеевна;Санкт-Петербург;Армения
06.03.2014;Анна;Ковалев;Иванович;Санкт-Петербург;Узбекистан
26.10.2016;Елена;Кузнецов;Сергеевич;Санкт-Петербург;Армения
16.02.2013;Дмитрий;Кузнецов;Алексеевна;Пермь;Казахстан
02.11.2015;Дмитрий;Волков;Петровна;Самара;Казахстан
25.04.2020;Николай;Петров;Алексеевич;Ростов-на-Дону;Грузия
12.09.2020;Ольга;Волков;Алексеевна;Екатеринбург;Таджикистан
23.01.2018;Иван;Иванов;Алексеевна;Санкт-Петербург;Узбекистан
22.05.2016;Мария;Сидоров;Сергеевич;Уфа;Кыргызстан
18.01.2012;Николай;Сидоров;Дмитриевич;Ростов-на-Дону;Казахстан
28.02.2021;Николай;Фёдоров;Петровна;Пермь;Кыргызстан
23.03.2021;Анна;Сидоров;Петровна;Казань;Таджикистан
08.02.2013;Иван;Волков;Петровна;Пермь;Армения
13.07.2016;Николай;Ковалев;Алексеевич;Екатеринбург;Казахстан
11.12.2023;Алексей;Сидоров;Иванович;Самара;Кыргызстан
25.08.2014;Алексей;Иванов;Сергеевич;Пермь;Таджикистан
21.10.2015;Алексей;Фёдоров;Петрович;Санкт-Петербург;Молдова
25.03.2013;Дмитрий;Семенов;Дмитриевич;Ростов-на-Дону;Кыргызстан
08.08.2020;Ольга;Петров;Сергеевич;Краснодар;Украина
01.02.2017;Елена;Попов;Ивановна;Краснодар;Украина
22.01.2016;Дмитрий;Смирнов;Дмитриевич;Санкт-Петербург;Украина
09.01.2016;Алексей;Петров;Ивановна;Самара;Таджикистан
21.12.2016;Ольга;Смирнов;Сергеевич;Краснодар;Россия
04.01.2018;Алексей;Смирнов;Сергеевич;Самара;Армения
12.03.2015;Мария;Кузнецов;Ивановна;Самара;Украина
09.04.2015;Мария;Кузнецов;Сергеевна;Казань;Узбекистан
25.04.2014;Сергей;Попов;Дмитриевич;Москва;Россия
11.11.2021;Николай;Петров;Николаевич;Пермь;Армения
17.04.2021;Сергей;Петров;Сергеевич;Казань;Молдова
04.05.2016;Алексей;Волков;Алексеевич;Самара;Таджикистан
20.03.2018;Анна;Попов;Сергеевна;Краснодар;Молдова
25.04.2016;Мария;Кузнецов;Николаевич;Екатеринбург;Таджикистан
13.06.2022;Анна;Попов;Николаевич;Казань;Таджикистан
12.04.2023;Мария;Кузнецов;Сергеевна;Санкт-Петербург;Казахстан
09.06.2018;Алексей;Сидоров;Сергеевич;Новосибирск;Таджикистан
02.10.2012;Дмитрий;Смирнов;Сергеевич;Пермь;Украина
26.05.2021;Николай;Попов;Ивановна;Санкт-Петербург;Узбекистан
10.12.2015;Дмитрий;Иванов;Ивановна;Новосибирск;Украина
09.11.2011;Мария;Ковалев;Сергеевна;Пермь;Украина
13.06.2016;Алексей;Кузнецов;Алексеевич;Ростов-на-Дону;Армения
03.02.2022;Иван;Ковалев;Дмитриевич;Казань;Беларусь
28.04.2014;Ольга;Волков;Алексеевна;Краснодар;Грузия
26.04.2010;Дмитрий;Иванов;Иванович;Ростов-на-Дону;Украина
08.01.2010;Анна;Кузнецов;Николаевич;Самара;Грузия
17.11.2022;Татьяна;Петров;Дмитриевич;Санкт-Петербург;Беларусь
26.02.2018;Мария;Кузнецов;Петровна;Уфа;Армения
11.05.2015;Ольга;Фёдоров;Петрович;Краснодар;Таджикистан
04.07.2016;Алексей;Попов;Петрович;Новосибирск;Узбекистан
25.06.2022;Сергей;Ковалев;Петрович;Уфа;Молдова
11.10.2016;Ольга;Фёдоров;Петрович;Самара;Казахстан
01.03.2022;Николай;Смирнов;Иванович;Москва;Кыргызстан
28.09.2016;Мария;Попов;Петровна;Уфа;Беларусь
12.05.2012;Елена;Ковалев;Петрович;Новосибирск;Кыргызстан
28.02.2012;Николай;Попов;Петрович;Новосибирск;Украина
14.10.2010;Елена;Волков;Петровна;Санкт-Петербург;Казахстан
08.01.2016;Мария;Сидоров;Алексеевич;Краснодар;Россия
24.12.2010;Елена;Смирнов;Петровна;Екатеринбург;Армения
22.10.2021;Иван;Иванов;Сергеевна;Ростов-на-Дону;Молдова
10.06.2010;Елена;Попов;Ивановна;Уфа;Беларусь
13.09.2020;Алексей;Семенов;Алексеевич;Москва;Россия
04.12.2019;Ольга;Сидоров;Сергеевич;Самара;Кыргызстан
22.02.2016;Ольга;Семенов;Алексеевич;Уфа;Казахстан
06.08.2011;Иван;Смирнов;Дмитриевич;Санкт-Петербург;Молдова
03.03.2010;Алексей;Иванов;Алексеевич;Уфа;Казахстан
02.06.2019;Алексей;Попов;Сергеевич;Краснодар;Грузия
05.05.2010;Ольга;Семенов;Николаевич;Самара;Россия
24.10.2011;Сергей;Попов;Петровна;Екатеринбург;Беларусь
15.03.2021;Мария;Волков;Дмитриевич;Ростов-на-Дону;Грузия
22.11.2021;Мария;Семенов;Сергеевич;Санкт-Петербург;Беларусь
02.09.2013;Ольга;Фёдоров;Дмитриевич;Пермь;Молдова
25.06.2020;Мария;Смирнов;Ивановна;Москва;Украина
08.04.2022;Елена;Попов;Алексеевна;Краснодар;Беларусь
21.05.2012;Алексей;Фёдоров;Дмитриевич;Ростов-на-Дону;Украина
15.08.2016;Татьяна;Фёдоров;Николаевич;Екатеринбург;Беларусь
17.12.2010;Иван;Фёдоров;Петровна;Уфа;Узбекистан
21.02.2012;Сергей;Волков;Дмитриевич;Ростов-на-Дону;Молдова
16.08.2014;Алексей;Кузнецов;Алексеевна;Ростов-на-Дону;Таджикистан
26.03.2018;Анна;Фёдоров;Сергеевич;Новосибирск;Армения
07.01.2019;Иван;Кузнецов;Дмитриевич;Москва;Грузия
27.03.2017;Ольга;Волков;Петровна;Екатеринбург;Беларусь
08.02.2010;Иван;Кузнецов;Сергеевна;Москва;Казахстан
22.06.2024;Ольга;Смирнов;Алексеевич;Новосибирск;Россия
09.01.2011;Татьяна;Кузнецов;Ивановна;Москва;Армения
01.02.2012;Мария;Кузнецов;Иванович;Пермь;Молдова
01.08.2020;Мария;Фёдоров;Алексеевна;Новосибирск;Молдова
26.04.2016;Татьяна;Сидоров;Сергеевич;Москва;Грузия
15.07.2024;Татьяна;Смирнов;Сергеевна;Уфа;Грузия
04.03.2021;Иван;Фёдоров;Алексеевна;Новосибирск;Молдова
25.03.2014;Татьяна;Иванов;Сергеевич;Ростов-на-Дону;Таджикистан
15.07.2024;Ольга;Ковалев;Алексеевич;Казань;Грузия
12.11.2011;Мария;Фёдоров;Алексеевич;Санкт-Петербург;Молдова
05.07.2012;Мария;Кузнецов;Алексеевна;Санкт-Петербург;Казахстан
26.06.2013;Сергей;Фёдоров;Николаевич;Санкт-Петербург;Грузия
15.01.2014;Елена;Фёдоров;Ивановна;Екатеринбург;Грузия
19.11.2016;Дмитрий;Иванов;Петровна;Новосибирск;Беларусь
01.11.2015;Дмитрий;Семенов;Сергеевич;Самара;Таджикистан
18.12.2010;Елена;Фёдоров;Сергеевич;Екатеринбург;Армения
23.05.2020;Алексей;Волков;Дмитриевич;Москва;Казахстан
09.08.2023;Дмитрий;Фёдоров;Дмитриевич;Пермь;Грузия
03.11.2022;Иван;Попов;Ивановна;Самара;Узбекистан
08.10.2023;Елена;Смирнов;Иванович;Новосибирск;Армения
06.12.2010;Николай;Ковалев;Сергеевич;Уфа;Украина
02.09.2012;Сергей;Семенов;Петрович;Екатеринбург;Украина
03.01.2014;Сергей;Попов;Алексеевич;Пермь;Кыргызстан
26.12.2024;Ольга;Фёдоров;Петрович;Самара;Кыргызстан
26.05.2016;Татьяна;Волков;Алексеевич;Москва;Украина
14.03.2015;Татьяна;Смирнов;Николаевич;Казань;Украина
16.08.2022;Елена;Кузнецов;Иванович;Пермь;Таджикистан
05.04.2015;Алексей;Сидоров;Сергеевна;Пермь;Молдова
26.03.2022;Анна;Кузнецов;Алексеевна;Краснодар;Молдова
13.06.2020;Иван;Иванов;Иванович;Санкт-Петербург;Таджикистан
10.02.2013;Сергей;Петров;Алексеевна;Новосибирск;Украина
25.05.2015;Алексей;Смирнов;Николаевич;Новосибирск;Узбекистан
14.10.2020;Сергей;Петров;Сергеевна;Москва;Казахстан
08.03.2010;Сергей;Сидоров;Алексеевич;Новосибирск;Молдова
21.03.2014;Сергей;Семенов;Николаевич;Уфа;Таджикистан
01.06.2014;Дмитрий;Кузнецов;Алексеевич;Казань;Украина
18.10.2015;Сергей;Ковалев;Петровна;Санкт-Петербург;Таджикистан
20.02.2012;Иван;Иванов;Алексеевич;Ростов-на-Дону;Грузия
12.10.2018;Дмитрий;Смирнов;Дмитриевич;Краснодар;Таджикистан
04.05.2011;Елена;Семенов;Алексеевич;Екатеринбург;Кыргызстан
25.12.2015;Мария;Смирнов;Петровна;Ростов-на-Дону;Таджикистан
06.05.2022;Сергей;Попов;Николаевич;Санкт-Петербург;Грузия
24.04.2010;Дмитрий;Сидоров;Сергеевич;Самара;Беларусь
21.10.2017;Мария;Фёдоров;Ивановна;Москва;Беларусь
10.07.2013;Ольга;Кузнецов;Николаевич;Екатеринбург;Грузия
08.08.2018;Николай;Кузнецов;Иванович;Екатеринбург;Таджикистан
14.01.2019;Ольга;Попов;Алексеевна;Самара;Таджикистан
04.08.2013;Алексей;Смирнов;Алексеевич;Казань;Россия
05.07.2024;Иван;Фёдоров;Ивановна;Краснодар;Грузия
25.09.2013;Мария;Волков;Иванович;Екатеринбург;Армения
13.11.2013;Алексей;Попов;Ивановна;Самара;Кыргызстан
19.07.2013;Николай;Волков;Николаевич;Ростов-на-Дону;Молдова
10.10.2023;Иван;Фёдоров;Сергеевна;Казань;Молдова
10.02.2014;Алексей;Сидоров;Петровна;Краснодар;Молдова
18.07.2023;Анна;Попов;Петровна;Самара;Казахстан
09.09.2010;Елена;Кузнецов;Петровна;Уфа;Армения
11.10.2016;Алексей;Смирнов;Сергеевна;Санкт-Петербург;Армения
09.06.2024;Анна;Семенов;Петрович;Краснодар;Узбекистан
16.04.2024;Иван;Семенов;Николаевич;Москва;Казахстан
20.04.2017;Алексей;Петров;Ивановна;Пермь;Грузия
08.05.2017;Ольга;Смирнов;Николаевич;Казань;Беларусь
20.02.2017;Дмитрий;Смирнов;Алексеевич;Пермь;Таджикистан
25.09.2019;Николай;Волков;Петрович;Ростов-на-Дону;Россия
28.08.2013;Николай;Иванов;Николаевич;Москва;Кыргызстан
06.11.2010;Ольга;Иванов;Дмитриевич;Пермь;Кыргызстан
10.12.2022;Ольга;Иванов;Алексеевич;Новосибирск;Молдова
16.11.2017;Иван;Фёдоров;Ивановна;Уфа;Таджикистан
26.05.2015;Елена;Попов;Петрович;Москва;Грузия
03.01.2024;Дмитрий;Сидоров;Алексеевич;Москва;Беларусь
23.01.2023;Дмитрий;Кузнецов;Сергеевна;Самара;Узбекистан
23.09.2014;Татьяна;Фёдоров;Сергеевич;Екатеринбург;Таджикистан
06.03.2013;Иван;Волков;Петрович;Пермь;Россия
03.05.2022;Ольга;Семенов;Петрович;Казань;Украина
24.06.2012;Алексей;Попов;Алексеевна;Ростов-на-Дону;Молдова
16.11.2015;Дмитрий;Семенов;Дмитриевич;Екатеринбург;Беларусь
17.02.2024;Елена;Попов;Ивановна;Казань;Молдова
28.12.2024;Дмитрий;Смирнов;Иванович;Уфа;Таджикистан
03.02.2024;Анна;Иванов;Петрович;Уфа;Россия
15.03.2016;Анна;Смирнов;Иванович;Самара;Таджикистан
16.02.2020;Татьяна;Петров;Сергеевна;Казань;Таджикистан
13.02.2019;Татьяна;Фёдоров;Алексеевна;Пермь;Грузия
20.03.2019;Татьяна;Ковалев;Дмитриевич;Екатеринбург;Кыргызстан
06.01.2015;Елена;Кузнецов;Сергеевна;Екатеринбург;Грузия
26.03.2014;Иван;Попов;Алексеевич;Уфа;Беларусь
03.12.2015;Иван;Семенов;Дмитриевич;Новосибирск;Кыргызстан
04.11.2014;Сергей;Смирнов;Дмитриевич;Пермь;Армения
02.06.2015;Мария;Волков;Алексеевич;Екатеринбург;Таджикистан
24.03.2014;Анна;Ковалев;Петрович;Краснодар;Узбекистан
04.11.2012;Алексей;Ковалев;Иванович;Краснодар;Молдова
15.12.2014;Сергей;Иванов;Николаевич;Екатеринбург;Молдова
23.01.2016;Татьяна;Волков;Ивановна;Самара;Россия
11.09.2011;Иван;Волков;Петрович;Казань;Беларусь
25.12.2019;Иван;Иванов;Дмитриевич;Новосибирск;Украина
01.04.2011;Дмитрий;Иванов;Петрович;Краснодар;Таджикистан
18.12.2012;Иван;Ковалев;Сергеевич;Самара;Россия
02.10.2023;Николай;Кузнецов;Алексеевич;Москва;Россия
11.10.2015;Елена;Иванов;Алексеевна;Ростов-на-Дону;Грузия
14.09.2020;Дмитрий;Фёдоров;Иванович;Екатеринбург;Армения
26.02.2014;Алексей;Волков;Николаевич;Санкт-Петербург;Молдова
25.04.2023;Татьяна;Попов;Сергеевна;Санкт-Петербург;Беларусь
03.08.2014;Николай;Сидоров;Иванович;Пермь;Украина
08.03.2011;Алексей;Попов;Алексеевна;Санкт-Петербург;Беларусь
15.02.2013;Елена;Смирнов;Иванович;Уфа;Украина
20.03.2013;Елена;Кузнецов;Петрович;Санкт-Петербург;Россия
17.01.2010;Сергей;Смирнов;Петровна;Москва;Казахстан
17.12.2020;Николай;Петров;Николаевич;Пермь;Молдова
17.10.2018;Иван;Фёдоров;Ивановна;Екатеринбург;Казахстан
18.07.2021;Татьяна;Семенов;Алексеевна;Ростов-на-Дону;Украина
24.12.2017;Алексей;Кузнецов;Иванович;Пермь;Казахстан
14.09.2015;Ольга;Семенов;Иванович;Краснодар;Грузия
13.02.2017;Николай;Сидоров;Николаевич;Новосибирск;Россия
27.12.2010;Елена;Семенов;Петровна;Ростов-на-Дону;Узбекистан
26.04.2021;Николай;Фёдоров;Ивановна;Екатеринбург;Беларусь
25.11.2012;Дмитрий;Семенов;Сергеевич;Ростов-на-Дону;Беларусь
10.07.2023;Анна;Сидоров;Николаевич;Екатеринбург;Грузия
19.04.2020;Ольга;Сидоров;Петрович;Ростов-на-Дону;Россия
19.09.2022;Анна;Ковалев;Сергеевич;Самара;Армения
22.01.2021;Дмитрий;Сидоров;Ивановна;Уфа;Грузия
03.06.2022;Ольга;Семенов;Иванович;Пермь;Узбекистан
02.02.2024;Алексей;Петров;Иванович;Екатеринбург;Таджикистан
22.07.2017;Николай;Попов;Сергеевич;Санкт-Петербург;Грузия
14.01.2022;Ольга;Фёдоров;Алексеевич;Екатеринбург;Россия
01.03.2012;Иван;Кузнецов;Сергеевич;Санкт-Петербург;Армения
04.08.2010;Алексей;Фёдоров;Сергеевич;Уфа;Молдова
04.05.2024;Мария;Фёдоров;Петрович;Санкт-Петербург;Молдова
07.08.2015;Мария;Волков;Сергеевна;Ростов-на-Дону;Беларусь
08.08.2013;Елена;Кузнецов;Петрович;Екатеринбург;Беларусь
19.02.2014;Николай;Кузнецов;Иванович;Ростов-на-Дону;Казахстан
10.09.2014;Дмитрий;Смирнов;Сергеевна;Новосибирск;Молдова
03.07.2014;Татьяна;Кузнецов;Николаевич;Ростов-на-Дону;Армения
08.09.2017;Сергей;Семенов;Ивановна;Пермь;Армения
14.12.2021;Анна;Петров;Иванович;Москва;Таджикистан
13.10.2024;Елена;Петров;Николаевич;Уфа;Беларусь
16.11.2019;Ольга;Семенов;Петрович;Самара;Кыргызстан
11.04.2015;Ольга;Фёдоров;Петрович;Ростов-на-Дону;Армения
21.05.2016;Сергей;Фёдоров;Алексеевна;Новосибирск;Узбекистан
09.10.2016;Ольга;Фёдоров;Дмитриевич;Екатеринбург;Казахстан
19.08.2011;Алексей;Семенов;Дмитриевич;Пермь;Кыргызстан
07.07.2020;Иван;Ковалев;Алексеевна;Уфа;Россия
07.09.2016;Иван;Сидоров;Сергеевна;Самара;Узбекистан
04.04.2016;Алексей;Сидоров;Петровна;Ростов-на-Дону;Беларусь
18.11.2024;Мария;Волков;Сергеевич;Пермь;Узбекистан
12.09.2014;Елена;Иванов;Дмитриевич;Екатеринбург;Кыргызстан
17.11.2022;Мария;Смирнов;Иванович;Пермь;Беларусь
26.10.2022;Елена;Иванов;Иванович;Казань;Грузия
15.04.2023;Алексей;Семенов;Петровна;Новосибирск;Узбекистан
28.03.2024;Алексей;Попов;Сергеевич;Екатеринбург;Кыргызстан
21.06.2013;Николай;Сидоров;Петрович;Самара;Армения
06.10.2014;Николай;Петров;Николаевич;Санкт-Петербург;Россия
27.01.2014;Алексей;Волков;Петровна;Пермь;Грузия
05.04.2023;Анна;Фёдоров;Петрович;Санкт-Петербург;Кыргызстан
02.10.2010;Елена;Ковалев;Петровна;Уфа;Кыргызстан
12.03.2015;Алексей;Иванов;Иванович;Санкт-Петербург;Россия
15.03.2016;Иван;Смирнов;Петрович;Казань;Узбекистан
07.08.2020;Иван;Волков;Петровна;Пермь;Молдова
07.09.2019;Дмитрий;Семенов;Николаевич;Москва;Армения
23.06.2014;Ольга;Ковалев;Алексеевна;Санкт-Петербург;Армения
22.06.2019;Дмитрий;Попов;Алексеевич;Краснодар;Украина
08.06.2015;Елена;Семенов;Ивановна;Новосибирск;Грузия
02.11.2020;Алексей;Смирнов;Сергеевич;Пермь;Беларусь
17.08.2021;Иван;Петров;Алексеевич;Москва;Грузия
14.08.2021;Татьяна;Иванов;Дмитриевич;Самара;Украина
22.11.2011;Николай;Семенов;Иванович;Казань;Россия
11.03.2013;Ольга;Смирнов;Петрович;Москва;Молдова
04.04.2017;Елена;Ковалев;Алексеевна;Санкт-Петербург;Кыргызстан
22.05.2016;Алексей;Семенов;Ивановна;Краснодар;Беларусь
15.01.2024;Елена;Попов;Алексеевна;Екатеринбург;Казахстан
28.04.2022;Татьяна;Сидоров;Петровна;Казань;Украина
13.12.2014;Мария;Фёдоров;Иванович;Санкт-Петербург;Узбекистан
05.12.2015;Елена;Петров;Петрович;Санкт-Петербург;Грузия
03.04.2024;Николай;Попов;Алексеевна;Пермь;Украина
23.06.2017;Ольга;Семенов;Петрович;Санкт-Петербург;Украина
19.03.2010;Анна;Волков;Алексеевич;Уфа;Грузия
26.07.2016;Дмитрий;Сидоров;Дмитриевич;Новосибирск;Беларусь
26.07.2010;Алексей;Ковалев;Николаевич;Самара;Россия
15.03.2020;Ольга;Волков;Ивановна;Ростов-на-Дону;Россия
28.01.2017;Иван;Волков;Алексеевич;Ростов-на-Дону;Украина
15.08.2022;Мария;Фёдоров;Сергеевна;Уфа;Казахстан
22.01.2022;Елена;Попов;Алексеевич;Краснодар;Армения
27.02.2016;Ольга;Сидоров;Сергеевна;Краснодар;Армения
28.02.2016;Николай;Смирнов;Алексеевич;Новосибирск;Узбекистан
24.04.2022;Ольга;Иванов;Сергеевна;Екатеринбург;Молдова
11.05.2021;Алексей;Петров;Сергеевич;Ростов-на-Дону;Казахстан
20.12.2019;Сергей;Смирнов;Сергеевич;Казань;Кыргызстан
21.02.2016;Сергей;Ковалев;Петрович;Екатеринбург;Украина
26.09.2016;Иван;Петров;Петрович;Краснодар;Россия
13.02.2011;Николай;Смирнов;Сергеевич;Самара;Украина
07.11.2021;Алексей;Петров;Алексеевна;Ростов-на-Дону;Кыргызстан
17.05.2020;Елена;Ковалев;Ивановна;Самара;Армения
01.02.2022;Мария;Ковалев;Николаевич;Пермь;Украина
28.03.2024;Николай;Попов;Петрович;Уфа;Украина
09.02.2016;Иван;Попов;Иванович;Ростов-на-Дону;Узбекистан
28.08.2018;Сергей;Кузнецов;Сергеевна;Москва;Молдова
18.02.2019;Николай;Кузнецов;Алексеевна;Ростов-на-Дону;Таджикистан
14.07.2010;Елена;Семенов;Сергеевич;Самара;Армения
06.06.2023;Анна;Волков;Иванович;Казань;Узбекистан
11.01.2014;Иван;Кузнецов;Петровна;Уфа;Украина
21.03.2013;Елена;Волков;Алексеевна;Пермь;Таджикистан
27.06.2012;Сергей;Петров;Иванович;Краснодар;Армения
23.10.2021;Анна;Семенов;Петровна;Уфа;Грузия
09.09.2010;Николай;Сидоров;Петрович;Ростов-на-Дону;Россия
05.02.2017;Сергей;Попов;Алексеевич;Самара;Грузия
24.09.2018;Ольга;Петров;Алексеевна;Новосибирск;Узбекистан
11.05.2013;Мария;Ковалев;Дмитриевич;Новосибирск;Украина
27.11.2016;Иван;Кузнецов;Дмитриевич;Краснодар;Казахстан
07.04.2017;Анна;Сидоров;Петрович;Ростов-на-Дону;Молдова
14.02.2017;Николай;Попов;Петровна;Ростов-на-Дону;Кыргызстан
12.10.2010;Ольга;Смирнов;Алексеевич;Уфа;Молдова
13.04.2023;Ольга;Ковалев;Сергеевич;Ростов-на-Дону;Украина
21.07.2011;Сергей;Волков;Алексеевна;Самара;Армения
06.01.2020;Иван;Кузнецов;Сергеевич;Новосибирск;Кыргызстан
20.12.2010;Николай;Кузнецов;Сергеевна;Санкт-Петербург;Узбекистан
23.02.2015;Елена;Фёдоров;Алексеевич;Екатеринбург;Казахстан
09.06.2017;Алексей;Кузнецов;Иванович;Уфа;Узбекистан
17.05.2014;Мария;Попов;Петровна;Уфа;Узбекистан
09.06.2022;Елена;Фёдоров;Петровна;Москва;Грузия
04.08.2022;Елена;Сидоров;Алексеевна;Москва;Армения
22.08.2015;Ольга;Семенов;Иванович;Новосибирск;Таджикистан
22.03.2018;Иван;Ковалев;Петровна;Москва;Молдова
05.11.2018;Алексей;Попов;Алексеевич;Казань;Казахстан
27.03.2013;Елена;Кузнецов;Сергеевна;Ростов-на-Дону;Узбекистан
09.08.2015;Татьяна;Попов;Петрович;Пермь;Беларусь
14.08.2015;Татьяна;Иванов;Сергеевна;Пермь;Грузия
25.04.2022;Сергей;Смирнов;Дмитриевич;Пермь;Украина
04.04.2010;Николай;Фёдоров;Петровна;Новосибирск;Узбекистан
12.02.2020;Анна;Смирнов;Сергеевна;Санкт-Петербург;Россия
18.09.2017;Ольга;Кузнецов;Николаевич;Уфа;Грузия
25.03.2019;Николай;Иванов;Ивановна;Санкт-Петербург;Таджикистан
01.12.2023;Николай;Фёдоров;Петрович;Краснодар;Беларусь
16.01.2014;Николай;Ковалев;Алексеевна;Казань;Кыргызстан
25.02.2011;Мария;Волков;Алексеевич;Москва;Беларусь
21.05.2023;Анна;Фёдоров;Дмитриевич;Москва;Россия
01.09.2023;Сергей;Иванов;Алексеевич;Ростов-на-Дону;Грузия
09.07.2022;Мария;Смирнов;Петровна;Краснодар;Россия
11.01.2010;Мария;Сидоров;Ивановна;Екатеринбург;Таджикистан
02.03.2016;Елена;Фёдоров;Алексеевна;Пермь;Грузия
01.12.2014;Николай;Смирнов;Ивановна;Екатеринбург;Кыргызстан
18.11.2024;Дмитрий;Фёдоров;Иванович;Краснодар;Узбекистан
07.02.2011;Ольга;Фёдоров;Сергеевич;Казань;Таджикистан
25.11.2017;Ольга;Семенов;Николаевич;Краснодар;Армения
21.11.2019;Алексей;Иванов;Дмитриевич;Новосибирск;Армения
12.10.2019;Сергей;Сидоров;Алексеевна;Москва;Армения
26.01.2022;Алексей;Петров;Иванович;Краснодар;Армения
21.04.2013;Ольга;Попов;Ивановна;Краснодар;Молдова
06.02.2011;Ольга;Сидоров;Сергеевна;Казань;Грузия
13.08.2017;Дмитрий;Иванов;Иванович;Казань;Казахстан
25.08.2018;Алексей;Сидоров;Дмитриевич;Пермь;Россия
26.01.2022;Мария;Кузнецов;Алексеевна;Самара;Россия
15.10.2015;Иван;Ковалев;Дмитриевич;Краснодар;Кыргызстан
28.04.2019;Ольга;Петров;Иванович;Самара;Казахстан
27.03.2013;Дмитрий;Семенов;Сергеевич;Москва;Таджикистан
10.07.2018;Дмитрий;Семенов;Ивановна;Краснодар;Кыргызстан
09.04.2015;Дмитрий;Волков;Николаевич;Москва;Узбекистан
23.07.2013;Елена;Попов;Сергеевич;Пермь;Таджикистан
02.08.2024;Ольга;Фёдоров;Иванович;Москва;Таджикистан
25.11.2014;Алексей;Попов;Алексеевич;Москва;Украина
23.08.2019;Сергей;Кузнецов;Петрович;Самара;Узбекистан
07.02.2020;Елена;Ковалев;Алексеевна;Санкт-Петербург;Грузия
19.04.2024;Анна;Смирнов;Сергеевич;Москва;Молдова
20.04.2016;Николай;Попов;Ивановна;Краснодар;Россия
25.06.2013;Дмитрий;Волков;Алексеевич;Уфа;Грузия
23.03.2023;Татьяна;Кузнецов;Алексеевич;Самара;Украина
05.09.2017;Мария;Попов;Николаевич;Казань;Таджикистан
02.11.2022;Дмитрий;Ковалев;Алексеевна;Ростов-на-Дону;Армения
02.10.2022;Ольга;Сидоров;Сергеевич;Краснодар;Молдова
28.05.2021;Анна;Сидоров;Петровна;Казань;Беларусь
02.03.2011;Дмитрий;Фёдоров;Сергеевич;Ростов-на-Дону;Беларусь
06.03.2017;Иван;Волков;Алексеевич;Новосибирск;Казахстан
25.06.2010;Дмитрий;Фёдоров;Алексеевна;Самара;Россия
03.12.2018;Ольга;Смирнов;Сергеевич;Краснодар;Беларусь
14.06.2010;Сергей;Семенов;Сергеевна;Уфа;Россия
16.01.2010;Дмитрий;Кузнецов;Николаевич;Москва;Узбекистан
19.05.2015;Иван;Иванов;Алексеевич;Екатеринбург;Казахстан
04.12.2022;Иван;Кузнецов;Петрович;Уфа;Грузия
27.08.2024;Елена;Кузнецов;Сергеевич;Санкт-Петербург;Молдова
19.01.2016;Мария;Смирнов;Сергеевич;Краснодар;Украина
01.06.2015;Анна;Фёдоров;Дмитриевич;Екатеринбург;Беларусь
05.10.2023;Анна;Петров;Дмитриевич;Казань;Таджикистан
24.03.2010;Алексей;Смирнов;Иванович;Москва;Грузия
03.07.2020;Алексей;Семенов;Петровна;Самара;Россия
16.11.2013;Алексей;Фёдоров;Петрович;Ростов-на-Дону;Молдова
27.11.2013;Анна;Попов;Алексеевич;Уфа;Россия
20.03.2011;Николай;Попов;Иванович;Екатеринбург;Таджикистан
08.10.2019;Николай;Смирнов;Алексеевна;Самара;Кыргызстан
09.04.2015;Иван;Иванов;Иванович;Екатеринбург;Беларусь
22.10.2024;Дмитрий;Петров;Алексеевна;Ростов-на-Дону;Беларусь
16.11.2010;Анна;Попов;Иванович;Казань;Украина
20.01.2013;Николай;Ковалев;Алексеевич;Санкт-Петербург;Таджикистан
12.01.2018;Дмитрий;Кузнецов;Николаевич;Ростов-на-Дону;Россия
10.05.2015;Елена;Фёдоров;Сергеевна;Пермь;Узбекистан
26.03.2012;Николай;Фёдоров;Николаевич;Краснодар;Кыргызстан
18.11.2020;Сергей;Семенов;Алексеевич;Краснодар;Казахстан
09.07.2017;Николай;Смирнов;Дмитриевич;Москва;Молдова
19.06.2011;Дмитрий;Фёдоров;Петрович;Уфа;Россия
06.02.2023;Иван;Петров;Алексеевна;Казань;Кыргызстан
26.01.2021;Мария;Волков;Николаевич;Санкт-Петербург;Беларусь
26.02.2023;Анна;Иванов;Алексеевич;Самара;Молдова
01.07.2019;Сергей;Петров;Дмитриевич;Новосибирск;Кыргызстан
06.03.2023;Дмитрий;Попов;Дмитриевич;Краснодар;Армения
22.11.2011;Ольга;Иванов;Иванович;Москва;Армения
25.04.2016;Анна;Петров;Сергеевна;Екатеринбург;Украина
19.10.2022;Николай;Сидоров;Дмитриевич;Уфа;Россия
19.10.2016;Николай;Ковалев;Петрович;Новосибирск;Украина
09.01.2011;Сергей;Кузнецов;Сергеевна;Москва;Кыргызстан
07.05.2012;Иван;Кузнецов;Петровна;Казань;Армения
16.04.2024;Мария;Смирнов;Алексеевна;Екатеринбург;Грузия
23.09.2024;Ольга;Попов;Петрович;Казань;Беларусь
03.10.2010;Николай;Волков;Николаевич;Ростов-на-Дону;Кыргызстан
01.01.2023;Татьяна;Сидоров;Николаевич;Пермь;Кыргызстан
23.11.2022;Елена;Попов;Сергеевич;Санкт-Петербург;Беларусь
10.09.2024;Елена;Волков;Иванович;Санкт-Петербург;Таджикистан
04.05.2018;Иван;Иванов;Дмитриевич;Казань;Армения
10.11.2016;Елена;Петров;Николаевич;Новосибирск;Узбекистан
01.12.2020;Иван;Попов;Алексеевна;Екатеринбург;Беларусь
10.01.2019;Сергей;Семенов;Алексеевна;Ростов-на-Дону;Молдова
19.04.2022;Сергей;Сидоров;Алексеевич;Казань;Узбекистан
23.11.2012;Сергей;Семенов;Дмитриевич;Москва;Украина
28.03.2016;Татьяна;Иванов;Петровна;Санкт-Петербург;Украина
08.09.2017;Елена;Волков;Иванович;Уфа;Россия
28.06.2011;Иван;Кузнецов;Алексеевич;Новосибирск;Украина
21.06.2011;Иван;Попов;Сергеевна;Уфа;Узбекистан
10.06.2024;Алексей;Кузнецов;Сергеевна;Ростов-на-Дону;Кыргызстан
10.10.2016;Ольга;Волков;Иванович;Санкт-Петербург;Таджикистан
25.03.2022;Елена;Иванов;Петрович;Санкт-Петербург;Украина
08.08.2016;Алексей;Петров;Дмитриевич;Новосибирск;Россия
17.12.2020;Елена;Фёдоров;Алексеевич;Самара;Россия
17.12.2012;Анна;Кузнецов;Иванович;Уфа;Молдова
20.06.2023;Алексей;Ковалев;Петрович;Самара;Беларусь
23.05.2021;Анна;Фёдоров;Иванович;Ростов-на-Дону;Молдова
03.09.2011;Иван;Смирнов;Алексеевич;Ростов-на-Дону;Армения
11.05.2022;Сергей;Ковалев;Дмитриевич;Уфа;Кыргызстан
15.05.2019;Иван;Кузнецов;Иванович;Самара;Россия
05.04.2023;Дмитрий;Попов;Петровна;Новосибирск;Армения
24.02.2015;Татьяна;Попов;Сергеевна;Самара;Молдова
23.02.2017;Ольга;Смирнов;Иванович;Санкт-Петербург;Армения
22.12.2013;Анна;Кузнецов;Иванович;Самара;Таджикистан
24.11.2018;Ольга;Попов;Петрович;Ростов-на-Дону;Казахстан
14.02.2013;Ольга;Иванов;Дмитриевич;Новосибирск;Беларусь
20.08.2016;Иван;Ковалев;Петровна;Пермь;Беларусь
04.08.2017;Иван;Попов;Петровна;Санкт-Петербург;Грузия
02.08.2015;Алексей;Смирнов;Петрович;Екатеринбург;Казахстан
15.08.2011;Иван;Волков;Петровна;Москва;Украина
03.05.2017;Татьяна;Смирнов;Дмитриевич;Казань;Грузия
06.06.2019;Сергей;Кузнецов;Алексеевна;Уфа;Беларусь
19.11.2022;Николай;Волков;Ивановна;Уфа;Узбекистан
25.07.2010;Дмитрий;Семенов;Иванович;Новосибирск;Беларусь
03.04.2014;Елена;Кузнецов;Петровна;Краснодар;Армения
18.03.2015;Дмитрий;Петров;Петрович;Пермь;Беларусь
15.10.2014;Николай;Иванов;Иванович;Пермь;Молдова
22.09.2011;Анна;Кузнецов;Николаевич;Казань;Россия
17.05.2022;Елена;Попов;Николаевич;Екатеринбург;Таджикистан
21.06.2018;Николай;Кузнецов;Николаевич;Москва;Таджикистан
07.02.2013;Сергей;Петров;Николаевич;Краснодар;Таджикистан
11.12.2017;Анна;Петров;Алексеевич;Краснодар;Армения
16.01.2020;Дмитрий;Попов;Сергеевич;Екатеринбург;Кыргызстан
10.02.2022;Николай;Смирнов;Петрович;Санкт-Петербург;Беларусь
24.03.2011;Мария;Иванов;Алексеевна;Казань;Украина
24.08.2024;Анна;Петров;Ивановна;Уфа;Узбекистан
27.11.2012;Анна;Кузнецов;Сергеевич;Казань;Молдова
09.02.2015;Дмитрий;Ковалев;Иванович;Самара;Армения
09.03.2024;Елена;Сидоров;Иванович;Казань;Таджикистан
05.08.2014;Анна;Фёдоров;Алексеевна;Новосибирск;Казахстан
21.03.2010;Дмитрий;Попов;Ивановна;Санкт-Петербург;Беларусь
07.07.2013;Алексей;Смирнов;Алексеевич;Санкт-Петербург;Беларусь
03.12.2024;Алексей;Смирнов;Петровна;Казань;Казахстан
20.01.2016;Мария;Волков;Алексеевна;Новосибирск;Таджикистан
25.10.2022;Мария;Фёдоров;Петровна;Пермь;Грузия
04.04.2012;Иван;Смирнов;Алексеевич;Пермь;Армения
22.03.2016;Елена;Фёдоров;Петровна;Самара;Беларусь
07.03.2015;Мария;Иванов;Сергеевна;Новосибирск;Таджикистан
04.10.2023;Елена;Попов;Алексеевна;Санкт-Петербург;Молдова
12.09.2020;Елена;Сидоров;Иванович;Ростов-на-Дону;Украина
11.11.2014;Алексей;Смирнов;Дмитриевич;Пермь;Таджикистан
13.01.2015;Иван;Иванов;Николаевич;Новосибирск;Беларусь
17.07.2018;Иван;Семенов;Алексеевна;Уфа;Армения
10.03.2018;Николай;Семенов;Иванович;Казань;Молдова
28.09.2016;Елена;Волков;Сергеевич;Самара;Кыргызстан
12.04.2023;Елена;Попов;Сергеевна;Самара;Украина
20.06.2013;Анна;Смирнов;Алексеевич;Пермь;Беларусь
09.08.2016;Дмитрий;Фёдоров;Дмитриевич;Краснодар;Узбекистан
27.07.2015;Елена;Кузнецов;Иванович;Санкт-Петербург;Армения
04.02.2018;Дмитрий;Иванов;Петровна;Казань;Россия
16.05.2021;Дмитрий;Кузнецов;Алексеевич;Пермь;Таджикистан
10.10.2015;Мария;Волков;Сергеевна;Краснодар;Армения
22.02.2014;Николай;Иванов;Сергеевич;Екатеринбург;Россия
19.10.2017;Иван;Семенов;Петровна;Екатеринбург;Россия
23.09.2016;Николай;Смирнов;Иванович;Москва;Узбекистан
05.09.2016;Николай;Петров;Иванович;Новосибирск;Узбекистан
22.09.2017;Дмитрий;Иванов;Петровна;Пермь;Молдова
01.08.2022;Алексей;Смирнов;Ивановна;Москва;Украина
08.07.2015;Татьяна;Смирнов;Петрович;Ростов-на-Дону;Узбекистан
09.01.2015;Сергей;Петров;Алексеевич;Самара;Молдова
26.11.2024;Дмитрий;Сидоров;Алексеевич;Новосибирск;Узбекистан
14.01.2021;Дмитрий;Кузнецов;Сергеевна;Казань;Кыргызстан
13.10.2022;Татьяна;Петров;Алексеевич;Москва;Узбекистан
03.09.2020;Сергей;Попов;Сергеевич;Самара;Узбекистан
02.07.2015;Алексей;Попов;Николаевич;Новосибирск;Беларусь
14.02.2020;Татьяна;Фёдоров;Алексеевна;Ростов-на-Дону;Узбекистан
14.10.2013;Ольга;Кузнецов;Сергеевич;Ростов-на-Дону;Казахстан
19.02.2014;Иван;Ковалев;Алексеевна;Уфа;Узбекистан
25.03.2022;Сергей;Иванов;Сергеевич;Санкт-Петербург;Армения
09.01.2023;Татьяна;Кузнецов;Петровна;Уфа;Армения
12.01.2020;Николай;Ковалев;Петровна;Екатеринбург;Кыргызстан
11.06.2018;Татьяна;Волков;Дмитриевич;Санкт-Петербург;Таджикистан
08.02.2010;Алексей;Ковалев;Петрович;Новосибирск;Украина
25.03.2014;Мария;Сидоров;Ивановна;Уфа;Беларусь
03.03.2014;Сергей;Семенов;Алексеевич;Самара;Узбекистан
28.04.2022;Ольга;Сидоров;Иванович;Москва;Узбекистан
13.06.2014;Иван;Сидоров;Николаевич;Краснодар;Таджикистан
22.06.2019;Дмитрий;Ковалев;Петровна;Новосибирск;Грузия
01.03.2018;Ольга;Кузнецов;Петрович;Москва;Беларусь
13.02.2011;Николай;Волков;Алексеевна;Самара;Кыргызстан
06.04.2019;Елена;Фёдоров;Николаевич;Ростов-на-Дону;Беларусь
22.02.2011;Ольга;Фёдоров;Алексеевич;Новосибирск;Украина
11.03.2010;Алексей;Волков;Алексеевна;Ростов-на-Дону;Молдова
11.11.2015;Мария;Попов;Сергеевич;Уфа;Казахстан
28.01.2012;Ольга;Петров;Петровна;Екатеринбург;Таджикистан
14.01.2014;Иван;Сидоров;Петровна;Казань;Россия
03.08.2012;Сергей;Ковалев;Алексеевна;Самара;Украина
01.11.2019;Елена;Семенов;Сергеевна;Краснодар;Россия
20.09.2024;Сергей;Волков;Алексеевна;Екатеринбург;Армения
25.04.2011;Иван;Ковалев;Сергеевич;Краснодар;Кыргызстан
15.09.2022;Дмитрий;Волков;Иванович;Екатеринбург;Украина
24.12.2013;Сергей;Попов;Николаевич;Казань;Беларусь
02.03.2012;Ольга;Сидоров;Дмитриевич;Уфа;Армения
16.08.2023;Елена;Петров;Петровна;Новосибирск;Россия
16.05.2010;Алексей;Петров;Сергеевна;Ростов-на-Дону;Армения
05.06.2010;Татьяна;Семенов;Сергеевна;Ростов-на-Дону;Армения
11.05.2012;Иван;Фёдоров;Петрович;Самара;Молдова
07.02.2014;Ольга;Ковалев;Петрович;Санкт-Петербург;Украина
04.03.2020;Дмитрий;Ковалев;Алексеевич;Новосибирск;Россия
18.06.2019;Елена;Кузнецов;Алексеевна;Москва;Кыргызстан
26.01.2011;Алексей;Сидоров;Николаевич;Екатеринбург;Казахстан
24.04.2022;Татьяна;Петров;Петровна;Самара;Украина
10.02.2020;Татьяна;Сидоров;Николаевич;Казань;Кыргызстан
09.05.2022;Елена;Фёдоров;Сергеевич;Казань;Узбекистан
11.11.2019;Дмитрий;Попов;Алексеевич;Пермь;Кыргызстан
06.06.2016;Дмитрий;Попов;Ивановна;Екатеринбург;Узбекистан
19.09.2018;Елена;Фёдоров;Сергеевна;Самара;Россия
09.03.2019;Елена;Петров;Дмитриевич;Самара;Украина
08.06.2015;Иван;Ковалев;Сергеевна;Екатеринбург;Кыргызстан
16.12.2014;Иван;Петров;Николаевич;Пермь;Кыргызстан
18.02.2024;Николай;Смирнов;Дмитриевич;Москва;Таджикистан
17.04.2018;Татьяна;Волков;Сергеевич;Казань;Узбекистан
20.04.2019;Николай;Сидоров;Ивановна;Санкт-Петербург;Казахстан
12.08.2019;Сергей;Кузнецов;Алексеевич;Москва;Украина
26.04.2011;Анна;Попов;Николаевич;Самара;Кыргызстан
04.10.2021;Николай;Петров;Николаевич;Краснодар;Молдова
10.02.2024;Иван;Ковалев;Ивановна;Казань;Россия
07.11.2019;Дмитрий;Семенов;Николаевич;Санкт-Петербург;Таджикистан
15.08.2023;Елена;Петров;Николаевич;Екатеринбург;Армения
07.06.2013;Анна;Смирнов;Дмитриевич;Новосибирск;Казахстан
14.05.2021;Ольга;Фёдоров;Дмитриевич;Казань;Таджикистан
07.10.2018;Алексей;Фёдоров;Сергеевна;Пермь;Казахстан
05.09.2012;Ольга;Иванов;Алексеевич;Екатеринбург;Молдова
17.04.2023;Николай;Иванов;Дмитриевич;Пермь;Украина
01.05.2015;Дмитрий;Ковалев;Ивановна;Ростов-на-Дону;Армения
13.02.2019;Мария;Петров;Ивановна;Екатеринбург;Таджикистан
16.01.2013;Дмитрий;Семенов;Дмитриевич;Самара;Россия
11.06.2018;Мария;Попов;Сергеевич;Санкт-Петербург;Таджикистан
21.07.2016;Анна;Иванов;Ивановна;Уфа;Украина
22.10.2022;Анна;Сидоров;Сергеевна;Ростов-на-Дону;Россия
23.05.2018;Татьяна;Кузнецов;Дмитриевич;Казань;Грузия
18.02.2018;Мария;Иванов;Петрович;Пермь;Кыргызстан
04.07.2019;Иван;Семенов;Николаевич;Ростов-на-Дону;Молдова
12.09.2013;Сергей;Фёдоров;Алексеевна;Новосибирск;Украина
09.03.2023;Татьяна;Ковалев;Дмитриевич;Ростов-на-Дону;Молдова
24.04.2022;Николай;Попов;Дмитриевич;Самара;Казахстан
28.07.2017;Дмитрий;Петров;Николаевич;Казань;Россия
03.06.2010;Елена;Смирнов;Петровна;Ростов-на-Дону;Узбекистан
04.11.2020;Николай;Смирнов;Николаевич;Пермь;Молдова
08.03.2011;Татьяна;Иванов;Алексеевна;Екатеринбург;Казахстан
26.08.2012;Сергей;Фёдоров;Петрович;Москва;Украина
04.06.2019;Николай;Ковалев;Петровна;Ростов-на-Дону;Узбекистан
27.11.2012;Иван;Волков;Иванович;Самара;Грузия
27.10.2021;Ольга;Петров;Иванович;Пермь;Таджикистан
01.09.2010;Мария;Смирнов;Сергеевна;Новосибирск;Украина
28.12.2020;Алексей;Волков;Николаевич;Краснодар;Кыргызстан
14.04.2013;Елена;Попов;Алексеевич;Новосибирск;Узбекистан
18.03.2010;Ольга;Кузнецов;Петрович;Санкт-Петербург;Украина
18.11.2017;Елена;Петров;Петровна;Краснодар;Узбекистан
13.06.2023;Сергей;Фёдоров;Петровна;Казань;Молдова
03.03.2022;Дмитрий;Смирнов;Иванович;Самара;Таджикистан
02.04.2011;Ольга;Сидоров;Алексеевна;Санкт-Петербург;Кыргызстан
19.03.2021;Николай;Иванов;Дмитриевич;Ростов-на-Дону;Таджикистан
23.05.2015;Алексей;Сидоров;Ивановна;Новосибирск;Казахстан
11.06.2021;Ольга;Иванов;Ивановна;Санкт-Петербург;Грузия
25.05.2021;Сергей;Кузнецов;Дмитриевич;Краснодар;Армения
27.07.2019;Елена;Семенов;Ивановна;Ростов-на-Дону;Армения
02.02.2019;Елена;Семенов;Николаевич;Самара;Армения
07.09.2014;Дмитрий;Попов;Николаевич;Казань;Беларусь
01.10.2015;Сергей;Ковалев;Сергеевич;Новосибирск;Молдова
16.04.2023;Алексей;Семенов;Сергеевна;Уфа;Армения
20.05.2022;Мария;Кузнецов;Алексеевна;Уфа;Армения
07.10.2010;Елена;Сидоров;Петрович;Самара;Таджикистан
24.08.2011;Дмитрий;Попов;Алексеевна;Самара;Казахстан
14.01.2017;Елена;Попов;Дмитриевич;Краснодар;Украина
18.10.2017;Мария;Ковалев;Николаевич;Уфа;Украина
02.10.2016;Алексей;Ковалев;Иванович;Санкт-Петербург;Казахстан
15.10.2016;Алексей;Кузнецов;Ивановна;Санкт-Петербург;Молдова
16.08.2013;Иван;Фёдоров;Сергеевич;Казань;Молдова
09.02.2015;Алексей;Петров;Николаевич;Пермь;Россия
18.12.2011;Алексей;Петров;Петрович;Санкт-Петербург;Кыргызстан
10.07.2010;Мария;Иванов;Сергеевич;Пермь;Россия
02.05.2016;Иван;Волков;Сергеевич;Казань;Узбекистан
15.01.2020;Елена;Семенов;Алексеевна;Самара;Украина
08.04.2024;Сергей;Волков;Дмитриевич;Санкт-Петербург;Кыргызстан
21.05.2015;Алексей;Волков;Сергеевич;Пермь;Таджикистан
13.02.2019;Мария;Семенов;Иванович;Санкт-Петербург;Казахстан
12.04.2023;Татьяна;Фёдоров;Петрович;Краснодар;Украина
08.12.2024;Татьяна;Смирнов;Сергеевич;Самара;Россия
02.08.2019;Татьяна;Ковалев;Ивановна;Москва;Узбекистан
23.05.2022;Елена;Смирнов;Николаевич;Краснодар;Россия
07.07.2016;Анна;Фёдоров;Ивановна;Пермь;Армения
03.09.2017;Сергей;Сидоров;Сергеевич;Уфа;Армения
18.05.2022;Анна;Иванов;Николаевич;Санкт-Петербург;Беларусь
08.01.2019;Сергей;Петров;Дмитриевич;Ростов-на-Дону;Узбекистан
16.11.2013;Алексей;Иванов;Алексеевна;Санкт-Петербург;Казахстан
09.10.2011;Елена;Кузнецов;Дмитриевич;Новосибирск;Армения
10.01.2014;Мария;Смирнов;Николаевич;Пермь;Кыргызстан
13.09.2012;Елена;Сидоров;Петровна;Самара;Таджикистан
23.10.2013;Сергей;Семенов;Алексеевич;Пермь;Россия
20.09.2018;Анна;Фёдоров;Петровна;Санкт-Петербург;Молдова
05.08.2019;Иван;Волков;Иванович;Уфа;Армения
14.10.2023;Ольга;Семенов;Иванович;Пермь;Россия
21.10.2010;Сергей;Кузнецов;Алексеевна;Уфа;Узбекистан
03.05.2020;Сергей;Смирнов;Сергеевна;Краснодар;Молдова
15.06.2022;Николай;Иванов;Сергеевна;Пермь;Кыргызстан
24.05.2023;Дмитрий;Волков;Алексеевна;Пермь;Казахстан
13.12.2011;Иван;Смирнов;Петрович;Екатеринбург;Молдова
01.11.2016;Дмитрий;Сидоров;Иванович;Самара;Казахстан
03.01.2018;Иван;Сидоров;Николаевич;Москва;Армения
10.06.2011;Дмитрий;Иванов;Алексеевич;Уфа;Беларусь
05.12.2014;Дмитрий;Волков;Алексеевич;Самара;Узбекистан
15.02.2015;Сергей;Иванов;Сергеевна;Уфа;Таджикистан
22.07.2010;Алексей;Кузнецов;Иванович;Новосибирск;Кыргызстан
05.09.2015;Сергей;Семенов;Петровна;Краснодар;Молдова
15.12.2022;Мария;Смирнов;Сергеевна;Уфа;Молдова
17.08.2012;Дмитрий;Волков;Сергеевна;Москва;Россия
05.12.2022;Ольга;Петров;Николаевич;Краснодар;Казахстан
05.01.2022;Алексей;Ковалев;Сергеевич;Пермь;Россия
09.07.2018;Алексей;Сидоров;Сергеевна;Пермь;Армения
24.02.2024;Мария;Кузнецов;Ивановна;Ростов-на-Дону;Грузия
08.06.2011;Иван;Попов;Николаевич;Новосибирск;Таджикистан
23.03.2019;Николай;Попов;Иванович;Уфа;Россия
04.02.2018;Татьяна;Петров;Ивановна;Санкт-Петербург;Украина
06.04.2015;Мария;Кузнецов;Николаевич;Москва;Россия
18.11.2014;Мария;Смирнов;Николаевич;Ростов-на-Дону;Казахстан
28.10.2023;Иван;Ковалев;Ивановна;Казань;Казахстан
19.04.2024;Елена;Кузнецов;Иванович;Ростов-на-Дону;Армения
16.12.2020;Дмитрий;Иванов;Петровна;Краснодар;Таджикистан
05.09.2017;Иван;Фёдоров;Алексеевич;Ростов-на-Дону;Армения
05.08.2017;Елена;Петров;Ивановна;Екатеринбург;Беларусь
04.10.2014;Сергей;Смирнов;Иванович;Екатеринбург;Кыргызстан
26.06.2014;Елена;Иванов;Алексеевна;Краснодар;Таджикистан
17.02.2011;Дмитрий;Волков;Ивановна;Самара;Молдова
26.10.2023;Татьяна;Сидоров;Ивановна;Казань;Казахстан
15.02.2012;Елена;Петров;Алексеевич;Пермь;Россия
24.05.2021;Мария;Сидоров;Алексеевна;Уфа;Молдова
07.09.2013;Анна;Попов;Ивановна;Екатеринбург;Таджикистан
12.12.2013;Алексей;Петров;Иванович;Краснодар;Армения
09.10.2024;Николай;Семенов;Иванович;Новосибирск;Таджикистан
24.03.2022;Дмитрий;Волков;Дмитриевич;Краснодар;Молдова
17.11.2022;Татьяна;Фёдоров;Ивановна;Санкт-Петербург;Молдова
28.12.2014;Иван;Попов;Сергеевич;Казань;Украина
02.04.2016;Татьяна;Ковалев;Ивановна;Ростов-на-Дону;Узбекистан
20.08.2016;Анна;Семенов;Алексеевна;Ростов-на-Дону;Молдова
01.12.2023;Анна;Ковалев;Сергеевич;Пермь;Таджикистан
11.07.2010;Сергей;Кузнецов;Алексеевна;Казань;Кыргызстан
23.09.2014;Татьяна;Сидоров;Ивановна;Краснодар;Армения
21.08.2012;Сергей;Волков;Алексеевич;Москва;Россия
12.05.2023;Ольга;Волков;Дмитриевич;Самара;Таджикистан
23.07.2024;Ольга;Кузнецов;Иванович;Казань;Кыргызстан
26.05.2020;Алексей;Попов;Петрович;Москва;Таджикистан
21.10.2014;Татьяна;Смирнов;Николаевич;Санкт-Петербург;Таджикистан
14.10.2024;Алексей;Попов;Сергеевич;Москва;Беларусь
16.09.2024;Алексей;Фёдоров;Петровна;Самара;Узбекистан
20.05.2014;Иван;Сидоров;Сергеевич;Ростов-на-Дону;Молдова
15.07.2012;Алексей;Кузнецов;Алексеевич;Казань;Казахстан
24.03.2024;Ольга;Иванов;Петрович;Краснодар;Молдова
10.06.2017;Ольга;Сидоров;Дмитриевич;Краснодар;Армения
11.12.2021;Мария;Ковалев;Николаевич;Краснодар;Армения
12.10.2020;Мария;Кузнецов;Петровна;Пермь;Беларусь
12.02.2010;Елена;Семенов;Иванович;Самара;Казахстан
17.02.2018;Дмитрий;Кузнецов;Николаевич;Краснодар;Узбекистан
28.12.2013;Анна;Смирнов;Сергеевна;Краснодар;Грузия
16.04.2017;Мария;Волков;Сергеевна;Казань;Молдова
21.09.2015;Мария;Ковалев;Алексеевна;Казань;Молдова
05.12.2012;Алексей;Иванов;Ивановна;Краснодар;Украина
21.12.2015;Дмитрий;Кузнецов;Ивановна;Новосибирск;Россия
09.10.2015;Иван;Попов;Сергеевна;Пермь;Кыргызстан
23.11.2023;Сергей;Семенов;Сергеевна;Краснодар;Узбекистан
02.12.2019;Сергей;Попов;Петрович;Краснодар;Молдова
28.11.2015;Иван;Петров;Сергеевна;Ростов-на-Дону;Казахстан
04.10.2017;Мария;Кузнецов;Ивановна;Казань;Беларусь
17.10.2016;Елена;Смирнов;Петрович;Новосибирск;Армения
27.07.2023;Сергей;Сидоров;Дмитриевич;Самара;Россия
13.09.2011;Татьяна;Попов;Иванович;Казань;Узбекистан
04.04.2016;Сергей;Кузнецов;Николаевич;Уфа;Украина
28.02.2024;Дмитрий;Фёдоров;Дмитриевич;Самара;Казахстан
01.02.2012;Николай;Смирнов;Петровна;Пермь;Грузия
08.12.2018;Елена;Сидоров;Петровна;Казань;Молдова
06.09.2016;Ольга;Попов;Дмитриевич;Пермь;Казахстан
26.05.2015;Николай;Смирнов;Сергеевна;Санкт-Петербург;Кыргызстан
08.03.2017;Сергей;Кузнецов;Петровна;Пермь;Беларусь
13.05.2013;Елена;Попов;Сергеевич;Пермь;Кыргызстан
07.12.2013;Татьяна;Попов;Сергеевна;Санкт-Петербург;Беларусь
10.04.2013;Мария;Кузнецов;Николаевич;Ростов-на-Дону;Таджикистан
19.01.2012;Елена;Фёдоров;Дмитриевич;Уфа;Молдова
04.12.2019;Николай;Фёдоров;Дмитриевич;Ростов-на-Дону;Кыргызстан
25.04.2021;Алексей;Сидоров;Дмитриевич;Краснодар;Таджикистан
26.03.2018;Мария;Кузнецов;Петровна;Краснодар;Кыргызстан
13.07.2023;Иван;Смирнов;Петровна;Ростов-на-Дону;Армения
13.05.2021;Елена;Сидоров;Николаевич;Самара;Кыргызстан
20.10.2012;Анна;Семенов;Алексеевич;Ростов-на-Дону;Армения
27.03.2017;Мария;Попов;Петровна;Новосибирск;Украина
08.12.2012;Николай;Кузнецов;Сергеевна;Уфа;Казахстан
07.08.2010;Николай;Петров;Алексеевна;Казань;Россия
03.11.2020;Елена;Волков;Алексеевна;Екатеринбург;Армения
06.08.2023;Елена;Семенов;Сергеевич;Москва;Молдова
19.09.2021;Николай;Волков;Алексеевич;Москва;Молдова
21.05.2020;Мария;Попов;Иванович;Краснодар;Казахстан
01.05.2010;Николай;Кузнецов;Николаевич;Москва;Узбекистан
10.04.2022;Татьяна;Петров;Николаевич;Ростов-на-Дону;Россия
24.01.2019;Мария;Попов;Алексеевич;Ростов-на-Дону;Таджикистан
13.05.2023;Елена;Кузнецов;Алексеевич;Санкт-Петербург;Грузия
07.06.2011;Анна;Фёдоров;Дмитриевич;Самара;Армения
27.11.2024;Дмитрий;Фёдоров;Алексеевна;Уфа;Казахстан
17.04.2016;Татьяна;Попов;Алексеевич;Краснодар;Беларусь
23.08.2018;Мария;Сидоров;Петровна;Самара;Беларусь
18.02.2011;Елена;Ковалев;Петровна;Самара;Молдова
06.06.2019;Анна;Иванов;Сергеевич;Екатеринбург;Беларусь
17.04.2010;Анна;Фёдоров;Петрович;Уфа;Молдова
26.02.2016;Анна;Ковалев;Николаевич;Санкт-Петербург;Украина
13.07.2020;Сергей;Фёдоров;Алексеевна;Москва;Узбекистан
01.08.2021;Елена;Волков;Петрович;Уфа;Узбекистан
03.07.2018;Анна;Кузнецов;Иванович;Новосибирск;Казахстан
21.07.2023;Ольга;Иванов;Ивановна;Самара;Казахстан
15.09.2013;Николай;Сидоров;Николаевич;Самара;Россия
13.10.2019;Иван;Петров;Алексеевна;Ростов-на-Дону;Россия
17.08.2020;Мария;Попов;Дмитриевич;Самара;Таджикистан
20.04.2018;Николай;Иванов;Алексеевна;Новосибирск;Украина
03.06.2013;Иван;Ковалев;Николаевич;Екатеринбург;Грузия
17.08.2017;Николай;Ковалев;Дмитриевич;Новосибирск;Узбекистан
13.10.2024;Сергей;Сидоров;Сергеевич;Краснодар;Таджикистан
17.04.2015;Елена;Фёдоров;Алексеевич;Пермь;Кыргызстан
19.10.2016;Иван;Семенов;Николаевич;Москва;Молдова
16.02.2012;Ольга;Смирнов;Иванович;Пермь;Молдова
18.05.2014;Алексей;Фёдоров;Алексеевна;Самара;Таджикистан
14.09.2019;Николай;Фёдоров;Иванович;Краснодар;Беларусь
10.04.2021;Анна;Семенов;Дмитриевич;Казань;Молдова
15.05.2010;Сергей;Семенов;Ивановна;Краснодар;Узбекистан
10.04.2016;Алексей;Смирнов;Алексеевна;Санкт-Петербург;Узбекистан
24.10.2010;Николай;Петров;Дмитриевич;Уфа;Россия
07.11.2024;Мария;Сидоров;Иванович;Краснодар;Молдова
19.11.2016;Мария;Сидоров;Ивановна;Санкт-Петербург;Молдова
09.10.2024;Дмитрий;Сидоров;Петрович;Новосибирск;Армения
22.04.2022;Анна;Смирнов;Дмитриевич;Санкт-Петербург;Беларусь
04.12.2010;Татьяна;Смирнов;Петровна;Новосибирск;Украина
23.07.2012;Иван;Ковалев;Иванович;Ростов-на-Дону;Грузия
06.05.2020;Дмитрий;Попов;Петровна;Уфа;Казахстан
02.08.2016;Ольга;Иванов;Дмитриевич;Ростов-на-Дону;Россия
03.04.2020;Сергей;Петров;Иванович;Ростов-на-Дону;Кыргызстан
06.06.2024;Анна;Волков;Ивановна;Санкт-Петербург;Украина
24.08.2016;Сергей;Попов;Иванович;Москва;Беларусь
07.07.2024;Ольга;Кузнецов;Алексеевич;Ростов-на-Дону;Россия
16.09.2022;Татьяна;Смирнов;Ивановна;Ростов-на-Дону;Россия
18.09.2013;Анна;Волков;Иванович;Новосибирск;Молдова
18.12.2011;Алексей;Смирнов;Петрович;Санкт-Петербург;Таджикистан
21.05.2014;Дмитрий;Сидоров;Сергеевна;Ростов-на-Дону;Кыргызстан
26.01.2019;Татьяна;Попов;Ивановна;Казань;Армения
14.05.2020;Алексей;Семенов;Петровна;Москва;Таджикистан
23.10.2020;Дмитрий;Иванов;Петровна;Пермь;Украина
27.05.2014;Татьяна;Смирнов;Николаевич;Москва;Узбекистан
26.01.2022;Алексей;Смирнов;Сергеевна;Ростов-на-Дону;Украина
24.11.2017;Сергей;Фёдоров;Алексеевна;Новосибирск;Россия
01.01.2024;Елена;Смирнов;Алексеевна;Ростов-на-Дону;Россия
18.08.2014;Николай;Кузнецов;Николаевич;Самара;Грузия
08.06.2013;Иван;Кузнецов;Петрович;Краснодар;Узбекистан
15.11.2014;Елена;Петров;Сергеевич;Краснодар;Казахстан
20.10.2023;Николай;Ковалев;Николаевич;Москва;Беларусь
14.07.2020;Дмитрий;Семенов;Сергеевич;Санкт-Петербург;Грузия
21.01.2018;Ольга;Иванов;Дмитриевич;Уфа;Беларусь
07.11.2011;Елена;Иванов;Сергеевна;Екатеринбург;Украина
12.11.2017;Алексей;Смирнов;Алексеевна;Ростов-на-Дону;Молдова
25.12.2011;Анна;Волков;Дмитриевич;Самара;Узбекистан
08.05.2024;Ольга;Сидоров;Петрович;Санкт-Петербург;Грузия
20.09.2011;Сергей;Смирнов;Сергеевна;Ростов-на-Дону;Украина
19.07.2015;Ольга;Попов;Иванович;Новосибирск;Узбекистан
07.02.2020;Николай;Кузнецов;Алексеевич;Пермь;Украина
04.10.2013;Иван;Семенов;Алексеевич;Москва;Армения
04.08.2016;Мария;Попов;Сергеевна;Санкт-Петербург;Россия
21.08.2022;Мария;Кузнецов;Сергеевна;Екатеринбург;Беларусь
25.09.2011;Алексей;Смирнов;Иванович;Санкт-Петербург;Украина
20.06.2017;Николай;Ковалев;Иванович;Ростов-на-Дону;Казахстан
24.03.2020;Иван;Фёдоров;Николаевич;Москва;Узбекистан
28.11.2013;Николай;Попов;Николаевич;Екатеринбург;Казахстан
05.01.2020;Дмитрий;Петров;Сергеевич;Москва;Казахстан
27.01.2019;Анна;Сидоров;Ивановна;Краснодар;Грузия
14.04.2010;Дмитрий;Иванов;Николаевич;Самара;Казахстан
10.08.2015;Иван;Ковалев;Петрович;Казань;Беларусь
25.12.2012;Дмитрий;Фёдоров;Сергеевич;Уфа;Россия
01.02.2019;Иван;Иванов;Алексеевна;Екатеринбург;Кыргызстан
17.09.2011;Ольга;Волков;Иванович;Екатеринбург;Грузия
19.05.2022;Алексей;Семенов;Дмитриевич;Пермь;Узбекистан
15.03.2024;Анна;Ковалев;Ивановна;Екатеринбург;Грузия
26.04.2013;Алексей;Смирнов;Иванович;Самара;Казахстан
08.05.2016;Дмитрий;Ковалев;Алексеевна;Краснодар;Украина
04.07.2020;Алексей;Попов;Алексеевна;Ростов-на-Дону;Беларусь
22.07.2019;Татьяна;Сидоров;Николаевич;Краснодар;Беларусь
12.09.2019;Алексей;Кузнецов;Алексеевич;Казань;Узбекистан
22.08.2021;Мария;Ковалев;Ивановна;Екатеринбург;Украина
21.01.2017;Алексей;Смирнов;Алексеевна;Екатеринбург;Армения
18.06.2015;Дмитрий;Волков;Петровна;Санкт-Петербург;Кыргызстан
24.09.2020;Николай;Сидоров;Николаевич;Казань;Украина
23.11.2017;Алексей;Попов;Сергеевич;Санкт-Петербург;Узбекистан
15.12.2015;Сергей;Кузнецов;Алексеевна;Пермь;Кыргызстан
23.08.2020;Татьяна;Иванов;Ивановна;Самара;Армения
15.07.2024;Анна;Волков;Сергеевич;Казань;Грузия
10.11.2012;Анна;Сидоров;Сергеевна;Казань;Казахстан
08.12.2011;Татьяна;Волков;Петрович;Ростов-на-Дону;Грузия
23.05.2020;Мария;Ковалев;Алексеевич;Краснодар;Таджикистан
22.09.2014;Елена;Семенов;Алексеевич;Казань;Казахстан
25.11.2011;Елена;Сидоров;Петровна;Краснодар;Армения
08.11.2019;Дмитрий;Попов;Сергеевна;Казань;Россия
27.09.2011;Мария;Иванов;Ивановна;Уфа;Россия
11.04.2023;Дмитрий;Волков;Сергеевич;Москва;Молдова
19.05.2024;Алексей;Фёдоров;Иванович;Казань;Казахстан
25.03.2018;Дмитрий;Петров;Алексеевич;Новосибирск;Казахстан
18.04.2019;Сергей;Ковалев;Николаевич;Ростов-на-Дону;Украина
13.03.2021;Татьяна;Кузнецов;Алексеевна;Екатеринбург;Украина
16.11.2010;Ольга;Кузнецов;Алексеевич;Уфа;Россия
14.06.2022;Иван;Сидоров;Петровна;Екатеринбург;Россия
15.04.2022;Дмитрий;Иванов;Дмитриевич;Ростов-на-Дону;Таджикистан
14.02.2015;Николай;Петров;Сергеевич;Санкт-Петербург;Кыргызстан
09.12.2016;Татьяна;Волков;Николаевич;Санкт-Петербург;Узбекистан
23.12.2020;Татьяна;Смирнов;Сергеевич;Казань;Армения
22.08.2018;Ольга;Кузнецов;Иванович;Самара;Армения
27.11.2020;Елена;Фёдоров;Петрович;Уфа;Армения
06.02.2010;Татьяна;Сидоров;Петровна;Казань;Россия
03.12.2022;Анна;Кузнецов;Николаевич;Краснодар;Молдова
14.08.2012;Алексей;Фёдоров;Ивановна;Краснодар;Кыргызстан
12.02.2012;Анна;Иванов;Николаевич;Самара;Узбекистан
25.09.2019;Елена;Смирнов;Дмитриевич;Ростов-на-Дону;Беларусь
22.09.2012;Николай;Ковалев;Сергеевич;Москва;Узбекистан
15.09.2017;Иван;Смирнов;Петрович;Новосибирск;Молдова
28.08.2018;Дмитрий;Попов;Сергеевич;Уфа;Россия
06.09.2019;Елена;Попов;Петрович;Санкт-Петербург;Россия
27.03.2021;Дмитрий;Волков;Дмитриевич;Самара;Украина
12.02.2013;Мария;Семенов;Сергеевна;Казань;Армения
19.10.2013;Николай;Иванов;Сергеевна;Москва;Кыргызстан
18.12.2017;Анна;Смирнов;Петровна;Екатеринбург;Молдова
03.11.2017;Николай;Кузнецов;Сергеевна;Пермь;Беларусь
19.05.2011;Николай;Смирнов;Алексеевна;Уфа;Молдова
06.02.2016;Алексей;Иванов;Алексеевна;Самара;Грузия
21.10.2021;Дмитрий;Попов;Иванович;Краснодар;Украина
07.06.2015;Дмитрий;Смирнов;Сергеевич;Санкт-Петербург;Украина
23.01.2021;Дмитрий;Фёдоров;Алексеевич;Самара;Кыргызстан
15.03.2015;Анна;Семенов;Алексеевна;Уфа;Молдова
12.08.2022;Мария;Сидоров;Николаевич;Казань;Украина
08.05.2021;Алексей;Петров;Сергеевич;Самара;Россия
09.08.2013;Николай;Попов;Алексеевич;Ростов-на-Дону;Таджикистан
17.01.2024;Сергей;Фёдоров;Сергеевна;Казань;Беларусь
08.08.2024;Анна;Попов;Алексеевич;Пермь;Россия
03.09.2017;Николай;Петров;Алексеевна;Новосибирск;Грузия
08.07.2015;Елена;Смирнов;Сергеевич;Санкт-Петербург;Армения
13.09.2022;Иван;Волков;Петрович;Москва;Узбекистан
01.02.2014;Татьяна;Кузнецов;Алексеевна;Екатеринбург;Беларусь
08.10.2017;Алексей;Иванов;Петровна;Ростов-на-Дону;Беларусь
26.12.2023;Татьяна;Смирнов;Ивановна;Казань;Казахстан
11.07.2020;Иван;Попов;Ивановна;Новосибирск;Беларусь
02.07.2021;Мария;Ковалев;Петровна;Москва;Узбекистан
23.11.2012;Татьяна;Волков;Иванович;Краснодар;Узбекистан
15.11.2016;Алексей;Кузнецов;Сергеевич;Уфа;Армения
21.02.2010;Елена;Смирнов;Петровна;Самара;Таджикистан
27.06.2011;Татьяна;Смирнов;Петровна;Самара;Казахстан
22.01.2016;Дмитрий;Сидоров;Петрович;Москва;Кыргызстан
03.06.2018;Алексей;Волков;Алексеевич;Самара;Молдова
25.12.2010;Татьяна;Попов;Сергеевна;Новосибирск;Россия
06.01.2011;Николай;Попов;Ивановна;Новосибирск;Армения
22.01.2013;Мария;Иванов;Николаевич;Санкт-Петербург;Армения
17.03.2012;Иван;Фёдоров;Петровна;Самара;Украина
20.02.2023;Елена;Смирнов;Сергеевич;Новосибирск;Россия
24.03.2023;Николай;Семенов;Дмитриевич;Уфа;Молдова
14.05.2012;Сергей;Волков;Алексеевич;Пермь;Кыргызстан
14.10.2018;Иван;Сидоров;Дмитриевич;Уфа;Беларусь
10.08.2024;Мария;Волков;Алексеевич;Екатеринбург;Украина
16.05.2015;Дмитрий;Кузнецов;Алексеевич;Казань;Армения
24.09.2022;Мария;Смирнов;Дмитриевич;Санкт-Петербург;Армения
12.02.2014;Ольга;Фёдоров;Сергеевич;Пермь;Грузия
28.06.2014;Алексей;Смирнов;Алексеевич;Новосибирск;Молдова
25.04.2012;Анна;Кузнецов;Петрович;Новосибирск;Узбекистан
12.10.2015;Алексей;Смирнов;Алексеевич;Уфа;Украина
23.10.2021;Николай;Семенов;Сергеевич;Уфа;Грузия
17.04.2022;Елена;Волков;Сергеевич;Казань;Узбекистан
05.03.2017;Татьяна;Волков;Алексеевич;Казань;Таджикистан
25.06.2020;Сергей;Смирнов;Алексеевна;Ростов-на-Дону;Россия
03.12.2017;Елена;Ковалев;Петрович;Самара;Украина
02.04.2017;Елена;Иванов;Николаевич;Ростов-на-Дону;Украина
17.12.2018;Николай;Сидоров;Алексеевич;Москва;Беларусь
18.06.2014;Анна;Кузнецов;Сергеевич;Пермь;Кыргызстан
23.10.2020;Алексей;Попов;Петровна;Самара;Беларусь
13.07.2013;Елена;Сидоров;Сергеевна;Екатеринбург;Молдова
10.10.2023;Мария;Ковалев;Ивановна;Москва;Россия
18.11.2011;Алексей;Сидоров;Сергеевич;Пермь;Казахстан
22.07.2016;Мария;Иванов;Николаевич;Новосибирск;Казахстан
25.05.2015;Иван;Семенов;Алексеевна;Ростов-на-Дону;Узбекистан
08.04.2016;Мария;Ковалев;Иванович;Пермь;Молдова
27.02.2017;Анна;Петров;Ивановна;Екатеринбург;Россия
08.04.2014;Татьяна;Волков;Петрович;Москва;Молдова
02.12.2017;Иван;Попов;Сергеевна;Пермь;Грузия
23.02.2015;Дмитрий;Семенов;Дмитриевич;Самара;Армения
03.03.2016;Дмитрий;Фёдоров;Алексеевич;Самара;Молдова
19.01.2011;Сергей;Сидоров;Алексеевич;Ростов-на-Дону;Украина
01.03.2015;Елена;Петров;Алексеевна;Пермь;Кыргызстан
15.07.2021;Сергей;Петров;Иванович;Уфа;Кыргызстан
19.09.2021;Сергей;Кузнецов;Петровна;Екатеринбург;Россия
09.06.2015;Алексей;Смирнов;Сергеевна;Уфа;Молдова
15.04.2016;Татьяна;Кузнецов;Петрович;Санкт-Петербург;Украина
10.03.2018;Ольга;Смирнов;Петрович;Уфа;Украина
18.10.2022;Иван;Смирнов;Ивановна;Санкт-Петербург;Армения
15.07.2012;Татьяна;Семенов;Алексеевич;Пермь;Таджикистан
19.04.2022;Алексей;Попов;Иванович;Краснодар;Молдова
15.07.2012;Дмитрий;Иванов;Сергеевич;Самара;Беларусь
10.10.2010;Сергей;Иванов;Сергеевич;Екатеринбург;Армения
06.07.2016;Сергей;Волков;Петрович;Санкт-Петербург;Кыргызстан
07.03.2022;Николай;Иванов;Дмитриевич;Санкт-Петербург;Казахстан
02.06.2013;Сергей;Сидоров;Сергеевна;Москва;Грузия
22.04.2011;Сергей;Волков;Петровна;Казань;Узбекистан
07.09.2022;Елена;Фёдоров;Петрович;Москва;Кыргызстан
15.05.2014;Николай;Волков;Сергеевна;Санкт-Петербург;Казахстан
23.01.2018;Иван;Петров;Иванович;Екатеринбург;Казахстан
16.06.2010;Сергей;Фёдоров;Ивановна;Уфа;Украина
24.05.2021;Мария;Иванов;Сергеевич;Санкт-Петербург;Россия
16.05.2013;Елена;Петров;Ивановна;Екатеринбург;Таджикистан
25.09.2017;Алексей;Кузнецов;Ивановна;Екатеринбург;Беларусь
02.04.2015;Сергей;Смирнов;Ивановна;Ростов-на-Дону;Украина
19.10.2022;Татьяна;Иванов;Алексеевна;Москва;Узбекистан
08.05.2024;Николай;Попов;Алексеевич;Ростов-на-Дону;Молдова
15.10.2011;Николай;Смирнов;Сергеевна;Москва;Казахстан
15.08.2019;Иван;Иванов;Алексеевна;Казань;Армения
08.02.2011;Ольга;Волков;Алексеевна;Самара;Беларусь
09.08.2019;Сергей;Смирнов;Иванович;Санкт-Петербург;Беларусь
24.06.2018;Николай;Сидоров;Петровна;Москва;Казахстан
24.02.2010;Татьяна;Иванов;Иванович;Ростов-на-Дону;Таджикистан
20.06.2022;Дмитрий;Кузнецов;Иванович;Самара;Молдова
07.01.2011;Анна;Ковалев;Николаевич;Казань;Узбекистан
27.09.2015;Елена;Попов;Николаевич;Ростов-на-Дону;Молдова
12.11.2013;Мария;Ковалев;Петрович;Ростов-на-Дону;Россия
14.08.2021;Дмитрий;Попов;Ивановна;Самара;Украина
13.03.2020;Иван;Кузнецов;Алексеевич;Ростов-на-Дону;Россия
12.05.2013;Татьяна;Волков;Иванович;Самара;Узбекистан
25.05.2024;Анна;Семенов;Дмитриевич;Новосибирск;Армения
28.06.2011;Анна;Сидоров;Ивановна;Новосибирск;Украина
26.05.2024;Ольга;Волков;Сергеевна;Уфа;Казахстан
13.02.2016;Сергей;Волков;Алексеевич;Казань;Таджикистан
11.12.2016;Анна;Семенов;Петровна;Москва;Украина
11.06.2013;Елена;Иванов;Иванович;Санкт-Петербург;Казахстан
22.08.2010;Иван;Петров;Петрович;Москва;Узбекистан
07.12.2010;Елена;Смирнов;Дмитриевич;Екатеринбург;Россия
27.01.2014;Николай;Иванов;Ивановна;Самара;Кыргызстан
01.02.2017;Иван;Иванов;Сергеевич;Уфа;Узбекистан
15.05.2010;Сергей;Петров;Ивановна;Краснодар;Украина
03.06.2020;Елена;Иванов;Петрович;Новосибирск;Таджикистан
09.01.2019;Ольга;Ковалев;Сергеевна;Самара;Россия
09.01.2012;Татьяна;Кузнецов;Ивановна;Екатеринбург;Украина
20.08.2015;Анна;Фёдоров;Сергеевна;Самара;Армения
15.05.2012;Алексей;Семенов;Дмитриевич;Новосибирск;Кыргызстан
21.04.2016;Анна;Волков;Николаевич;Самара;Армения
02.04.2015;Анна;Смирнов;Ивановна;Пермь;Молдова
18.05.2019;Николай;Семенов;Ивановна;Екатеринбург;Таджикистан
21.05.2019;Сергей;Иванов;Иванович;Ростов-на-Дону;Беларусь
18.07.2010;Елена;Ковалев;Петрович;Ростов-на-Дону;Россия
20.02.2024;Анна;Сидоров;Петрович;Уфа;Узбекистан
21.08.2011;Сергей;Петров;Иванович;Екатеринбург;Таджикистан
06.05.2016;Татьяна;Иванов;Петровна;Москва;Украина
02.05.2024;Сергей;Сидоров;Сергеевна;Ростов-на-Дону;Украина
15.06.2022;Сергей;Попов;Сергеевич;Санкт-Петербург;Беларусь
25.09.2015;Анна;Смирнов;Сергеевич;Москва;Грузия
05.05.2020;Татьяна;Иванов;Иванович;Уфа;Беларусь
16.11.2012;Елена;Петров;Николаевич;Новосибирск;Россия
23.06.2022;Ольга;Петров;Ивановна;Казань;Украина
12.08.2020;Анна;Волков;Алексеевич;Ростов-на-Дону;Грузия
18.07.2016;Анна;Волков;Петровна;Краснодар;Кыргызстан
22.07.2014;Сергей;Фёдоров;Петрович;Казань;Россия
22.10.2016;Алексей;Попов;Алексеевич;Уфа;Узбекистан
22.02.2011;Мария;Попов;Петрович;Новосибирск;Россия
11.11.2017;Дмитрий;Волков;Петровна;Самара;Узбекистан
24.03.2012;Николай;Смирнов;Петрович;Уфа;Беларусь
07.11.2012;Дмитрий;Петров;Сергеевич;Казань;Кыргызстан
14.11.2010;Иван;Ковалев;Сергеевна;Москва;Узбекистан
13.04.2011;Дмитрий;Ковалев;Алексеевна;Уфа;Таджикистан
06.11.2018;Николай;Кузнецов;Дмитриевич;Краснодар;Кыргызстан
10.09.2021;Сергей;Смирнов;Сергеевна;Казань;Грузия
23.02.2013;Иван;Сидоров;Сергеевна;Екатеринбург;Казахстан
26.09.2022;Алексей;Петров;Дмитриевич;Казань;Узбекистан
02.07.2014;Сергей;Смирнов;Иванович;Казань;Украина
12.02.2015;Анна;Кузнецов;Николаевич;Екатеринбург;Кыргызстан
03.12.2010;Иван;Семенов;Дмитриевич;Казань;Казахстан
28.11.2014;Елена;Иванов;Алексеевна;Краснодар;Армения
04.04.2010;Ольга;Попов;Ивановна;Уфа;Армения
03.08.2015;Татьяна;Попов;Николаевич;Екатеринбург;Таджикистан
26.11.2013;Ольга;Петров;Алексеевич;Краснодар;Казахстан
05.02.2016;Алексей;Петров;Николаевич;Пермь;Армения
21.05.2022;Татьяна;Смирнов;Алексеевич;Москва;Молдова
27.06.2012;Иван;Семенов;Дмитриевич;Москва;Таджикистан
09.09.2022;Сергей;Сидоров;Петровна;Екатеринбург;Грузия
07.01.2020;Мария;Кузнецов;Дмитриевич;Ростов-на-Дону;Россия
16.05.2011;Ольга;Иванов;Сергеевич;Уфа;Россия
24.07.2022;Елена;Волков;Дмитриевич;Ростов-на-Дону;Узбекистан
